{"cameraMode":{"drawMode":0,"name":"Shaded","section":"Shading Mode"},"sceneLighting":true,"audioPlay":false,"sceneViewState":{"m_AlwaysRefresh":false,"showFog":true,"showSkybox":true,"showFlares":true,"showImageEffects":true,"showParticleSystems":true,"showVisualEffectGraphs":true,"m_FxEnabled":true},"in2DMode":false,"pivot":{"x":-28.87641716003418,"y":2.482175350189209,"z":-155.03941345214845},"rotation":{"x":-0.0022519323974847795,"y":0.6607308387756348,"z":0.0019821382593363525,"w":0.750616729259491},"size":9.497496604919434,"orthographic":false}