{"cameraMode":{"drawMode":0,"name":"Shaded","section":"Shading Mode"},"sceneLighting":true,"audioPlay":false,"sceneViewState":{"m_AlwaysRefresh":false,"showFog":true,"showSkybox":true,"showFlares":true,"showImageEffects":true,"showParticleSystems":true,"showVisualEffectGraphs":true,"m_FxEnabled":true},"in2DMode":false,"pivot":{"x":-28.878847122192384,"y":1.9036117792129517,"z":-155.2138214111328},"rotation":{"x":-0.004401225596666336,"y":0.6796453595161438,"z":0.00407786201685667,"w":0.7335160374641419},"size":5.219789505004883,"orthographic":true}