{"cameraMode":{"drawMode":0,"name":"Shaded","section":"Shading Mode"},"sceneLighting":true,"audioPlay":false,"sceneViewState":{"m_AlwaysRefresh":false,"showFog":true,"showSkybox":true,"showFlares":true,"showImageEffects":true,"showParticleSystems":true,"showVisualEffectGraphs":true,"m_FxEnabled":true},"in2DMode":false,"pivot":{"x":-32.158390045166019,"y":1.1317164897918702,"z":-156.32470703125},"rotation":{"x":0.0031819697469472887,"y":0.7070996761322022,"z":-0.003181970678269863,"w":0.7070996761322022},"size":1.4538661241531373,"orthographic":true}